{"mk-jupiter-icon-arrow-bottom":"e68b","mk-jupiter-icon-arrow-circle":"e68c","mk-jupiter-icon-arrow-left":"e68d","mk-jupiter-icon-arrow-right":"e68e","mk-jupiter-icon-arrow-top":"e68f","mk-jupiter-icon-plus-circle":"e690","mk-jupiter-icon-arrow-down":"e618","mk-jupiter-icon-search":"e619","mk-jupiter-icon-portfolio":"e61a","mk-jupiter-icon-plus":"e61b","mk-jupiter-icon-play":"e61c","mk-jupiter-icon-photo":"e61d","mk-jupiter-icon-doc":"e61e","mk-jupiter-icon-simple-imdb":"e600","mk-jupiter-icon-imdb":"e601","mk-jupiter-icon-square-imdb":"e602","mk-jupiter-icon-simple-instagram":"e603","mk-jupiter-icon-instagram":"e604","mk-jupiter-icon-square-instagram":"e605","mk-jupiter-icon-simple-qzone":"e606","mk-jupiter-icon-qzone":"e607","mk-jupiter-icon-square-qzone":"e608","mk-jupiter-icon-simple-renren":"e609","mk-jupiter-icon-renren":"e60a","mk-jupiter-icon-square-renren":"e60b","mk-jupiter-icon-simple-vk":"e60c","mk-jupiter-icon-vk":"e60d","mk-jupiter-icon-square-vk":"e60e","mk-jupiter-icon-simple-wechat":"e60f","mk-jupiter-icon-wechat":"e610","mk-jupiter-icon-square-wechat":"e611","mk-jupiter-icon-simple-weibo":"e612","mk-jupiter-icon-weibo":"e613","mk-jupiter-icon-square-weibo":"e614","mk-jupiter-icon-simple-whatsapp":"e615","mk-jupiter-icon-whatsapp":"e616","mk-jupiter-icon-square-whatsapp":"e617","mk-jupiter-icon-simple-soundcloud":"e61f","mk-jupiter-icon-square-soundcloud":"e620","mk-jupiter-icon-soundcloud":"e621","mk-jupiter-icon-rss":"e623","mk-jupiter-icon-youtube":"e624","mk-jupiter-icon-yelp":"e625","mk-jupiter-icon-yahoo":"e626","mk-jupiter-icon-wordpress":"e627","mk-jupiter-icon-vimeo":"e628","mk-jupiter-icon-tumblr":"e62a","mk-jupiter-icon-stumbleupon":"e62b","mk-jupiter-icon-skype":"e62c","mk-jupiter-icon-pinterest":"e62d","mk-jupiter-icon-path":"e62e","mk-jupiter-icon-myspace":"e62f","mk-jupiter-icon-linkedin":"e630","mk-jupiter-icon-lastfm":"e631","mk-jupiter-icon-googleplus":"e632","mk-jupiter-icon-google":"e633","mk-jupiter-icon-github":"e634","mk-jupiter-icon-flickr":"e635","mk-jupiter-icon-facebook":"e636","mk-jupiter-icon-envato":"e637","mk-jupiter-icon-dropbox":"e638","mk-jupiter-icon-dribbble":"e639","mk-jupiter-icon-digg":"e63a","mk-jupiter-icon-deviantart":"e63b","mk-jupiter-icon-delicious":"e63c","mk-jupiter-icon-blogger":"e63d","mk-jupiter-icon-behance":"e63e","mk-jupiter-icon-bebo":"e63f","mk-jupiter-icon-apple":"e640","mk-jupiter-icon-amazon":"e641","mk-jupiter-icon-aim":"e642","mk-jupiter-icon-px":"e643","mk-jupiter-icon-reddit":"e644","mk-jupiter-icon-simple-wordpress":"e645","mk-jupiter-icon-simple-rss":"e646","mk-jupiter-icon-simple-youtube":"e647","mk-jupiter-icon-simple-yelp":"e648","mk-jupiter-icon-simple-yahoo":"e649","mk-jupiter-icon-simple-vimeo":"e64a","mk-jupiter-icon-simple-tumblr":"e64d","mk-jupiter-icon-simple-stumbleupon":"e64e","mk-jupiter-icon-simple-skype":"e64f","mk-jupiter-icon-simple-pinterest":"e650","mk-jupiter-icon-simple-path":"e651","mk-jupiter-icon-simple-myspace":"e652","mk-jupiter-icon-simple-linkedin":"e653","mk-jupiter-icon-simple-lastfm":"e654","mk-jupiter-icon-simple-googleplus":"e655","mk-jupiter-icon-simple-google":"e656","mk-jupiter-icon-simple-github":"e657","mk-jupiter-icon-simple-flickr":"e658","mk-jupiter-icon-simple-facebook":"e659","mk-jupiter-icon-simple-envato":"e65a","mk-jupiter-icon-simple-dropbox":"e65b","mk-jupiter-icon-simple-dribbble":"e65c","mk-jupiter-icon-simple-digg":"e65d","mk-jupiter-icon-simple-deviantart":"e65e","mk-jupiter-icon-simple-delicious":"e65f","mk-jupiter-icon-simple-blogger":"e660","mk-jupiter-icon-simple-behance":"e661","mk-jupiter-icon-simple-bebo":"e662","mk-jupiter-icon-simple-apple":"e663","mk-jupiter-icon-simple-amazon":"e664","mk-jupiter-icon-simple-aim":"e665","mk-jupiter-icon-simple-px":"e666","mk-jupiter-icon-simple-reddit":"e667","mk-jupiter-icon-square-youtube":"e668","mk-jupiter-icon-square-yelp":"e669","mk-jupiter-icon-square-yahoo":"e66a","mk-jupiter-icon-square-wordpress":"e66b","mk-jupiter-icon-square-vimeo":"e66c","mk-jupiter-icon-square-tumblr":"e66f","mk-jupiter-icon-square-stumbleupon":"e670","mk-jupiter-icon-square-skype":"e671","mk-jupiter-icon-square-rss":"e672","mk-jupiter-icon-square-pinterest":"e673","mk-jupiter-icon-square-path":"e674","mk-jupiter-icon-square-myspace":"e675","mk-jupiter-icon-square-linkedin":"e676","mk-jupiter-icon-square-lastfm":"e677","mk-jupiter-icon-square-googleplus":"e678","mk-jupiter-icon-square-google":"e679","mk-jupiter-icon-square-github":"e67a","mk-jupiter-icon-square-flickr":"e67b","mk-jupiter-icon-square-facebook":"e67c","mk-jupiter-icon-square-envato":"e67d","mk-jupiter-icon-square-dropbox":"e67e","mk-jupiter-icon-square-dribbble":"e67f","mk-jupiter-icon-square-digg":"e680","mk-jupiter-icon-square-deviantart":"e681","mk-jupiter-icon-square-delicious":"e682","mk-jupiter-icon-square-blogger":"e683","mk-jupiter-icon-square-behance":"e684","mk-jupiter-icon-square-bebo":"e685","mk-jupiter-icon-square-apple":"e686","mk-jupiter-icon-square-amazon":"e687","mk-jupiter-icon-square-aim":"e688","mk-jupiter-icon-square-px":"e689","mk-jupiter-icon-square-reddit":"e68a","mk-jupiter-icon-twitter_alt":"e622","mk-jupiter-icon-twitter":"e622","mk-jupiter-icon-square-twitter_alt":"e66e","mk-jupiter-icon-square-twitter":"e66e","mk-jupiter-icon-simple-twitter_alt":"e64c","mk-jupiter-icon-simple-twitter":"e64c","mk-jupiter-icon-creative-market":"e691","mk-jupiter-icon-ebay":"e692","mk-jupiter-icon-etsy":"e693","mk-jupiter-icon-slack":"e694","mk-jupiter-icon-snapchat":"e695","mk-jupiter-icon-spotify":"e696","mk-jupiter-icon-strava":"e697","mk-jupiter-icon-telegram":"e698","mk-jupiter-icon-tripadvisor":"e699","mk-jupiter-icon-zillow":"e69a","mk-jupiter-icon-zomato":"e69b"}